config_size,column_name,average,variance
1000,real,2.132,0.005449999999999996
1000,sys,0.0008,7.666666666666667e-06
1000,user,2.1148,0.0052010000000000094
