config_size,column_name,average,variance
1000,real,2.0008,0.0011909999999999998
1000,sys,0.002,1.6666666666666667e-05
1000,user,1.9856,0.0010423333333333343
