config_size,column_name,average,variance
1000,real,2.1336,0.004424000000000002
1000,sys,0.0004,4e-06
1000,user,2.1164,0.0042073333333333416
