config_size,column_name,average,variance
1000,real,2.0343999999999998,0.005067333333333338
1000,sys,0.0,0.0
1000,user,2.0176,0.004885666666666672
