config_size,column_name,average,variance
1000,real,5.8696,0.021945666666666676
1000,sys,0.0012000000000000001,1.1e-05
1000,user,5.8384,0.020730666666666637
