config_M,column_name,average,variance
400,real,10.2492,0.0005326666666666515
400,sys,0.0,0.0
400,user,10.22,0.00046666666666667935
