config_M,column_name,average,variance
400,real,10.3628,0.0007126666666666808
400,sys,0.0,0.0
400,user,10.3336,0.0007573333333333011
