config_M,column_name,average,variance
400,real,10.248,0.0006166666666666404
400,sys,0.0,0.0
400,user,10.2192,0.0007243333333333485
