config_M,column_name,average,variance
400,real,19.078400000000002,0.003872333333333293
400,sys,0.0,0.0
400,user,19.0288,0.003511000000000043
