config_M,column_name,average,variance
400,real,10.3592,0.001182666666666675
400,sys,0.0,0.0
400,user,10.3316,0.0012723333333333037
