config_M,column_name,average,variance
400,real,7.4344,0.0005173333333333334
400,sys,0.0,0.0
400,user,7.4144,0.00048400000000000363
