config_size,column_name,average,variance
13,real,5.7152,0.00030099999999999853
13,sys,0.0,0.0
13,user,5.702,0.0002083333333333289
