config_size,column_name,average,variance
13,real,3.3652,7.600000000000017e-05
13,sys,0.0,0.0
13,user,3.3568,3.9333333333332634e-05
