config_problem,column_name,average,variance
w,real,11.574,0.013324999999999984
w,sys,0.0,0.0
w,user,11.528,0.013208333333333355
