config_problem,column_name,average,variance
w,real,3.0148,0.00029266666666666764
w,sys,0.0,0.0
w,user,2.9964,0.00013233333333333188
