config_problem,column_name,average,variance
w,real,3.0063999999999997,6.566666666666589e-05
w,sys,0.0,0.0
w,user,2.992,5.833333333333262e-05
